[
  {
    "id": "85753f68-8492-4800-bbe7-5041343b225a",
    "data": [
      {
        "text": "book ",
        "userDefined": false
      },
      {
        "text": "3",
        "alias": "persons",
        "meta": "@sys.number",
        "userDefined": true
      },
      {
        "text": " ",
        "userDefined": false
      },
      {
        "text": "vip",
        "alias": "roomType",
        "meta": "@roomType",
        "userDefined": true
      },
      {
        "text": " rooms my name is ",
        "userDefined": false
      },
      {
        "text": "sonia",
        "alias": "name",
        "meta": "@sys.given-name",
        "userDefined": true
      },
      {
        "text": " and my email is ",
        "userDefined": false
      },
      {
        "text": "sonia@gmail.com",
        "alias": "email",
        "meta": "@sys.email",
        "userDefined": true
      }
    ],
    "isTemplate": false,
    "count": 0,
    "updated": 0
  },
  {
    "id": "5a242a5e-f191-4899-abe1-164224d57a85",
    "data": [
      {
        "text": "i need ",
        "userDefined": false
      },
      {
        "text": "3",
        "alias": "persons",
        "meta": "@sys.number",
        "userDefined": false
      },
      {
        "text": " rooms",
        "userDefined": false
      }
    ],
    "isTemplate": false,
    "count": 0,
    "updated": 0
  },
  {
    "id": "d5985679-bd46-4750-9719-b639af6386a1",
    "data": [
      {
        "text": "this is ",
        "userDefined": false
      },
      {
        "text": "harry",
        "alias": "name",
        "meta": "@sys.given-name",
        "userDefined": true
      }
    ],
    "isTemplate": false,
    "count": 0,
    "updated": 0
  },
  {
    "id": "9b4976b6-74c7-46b4-974f-03bf5f3ab150",
    "data": [
      {
        "text": "i need ",
        "userDefined": false
      },
      {
        "text": "vip",
        "alias": "roomType",
        "meta": "@roomType",
        "userDefined": false
      },
      {
        "text": " rooms",
        "userDefined": false
      }
    ],
    "isTemplate": false,
    "count": 0,
    "updated": 0
  },
  {
    "id": "7b6937e6-d73e-44e6-91ce-e01d511ee00f",
    "data": [
      {
        "text": "i want to room",
        "userDefined": false
      }
    ],
    "isTemplate": false,
    "count": 0,
    "updated": 0
  },
  {
    "id": "5ad2a80f-c92a-41d5-9ac3-7f292e541c72",
    "data": [
      {
        "text": "i wanna reserve hotel",
        "userDefined": false
      }
    ],
    "isTemplate": false,
    "count": 0,
    "updated": 0
  },
  {
    "id": "6b2d7351-ec06-4084-b761-2eaa922aaeec",
    "data": [
      {
        "text": "firosn",
        "alias": "name",
        "meta": "@sys.given-name",
        "userDefined": true
      }
    ],
    "isTemplate": false,
    "count": 3,
    "updated": 0
  },
  {
    "id": "6b654a67-a7b2-4ab5-8b7a-0e9f1a7981b4",
    "data": [
      {
        "text": "i want to reserve a room",
        "userDefined": false
      }
    ],
    "isTemplate": false,
    "count": 0,
    "updated": 0
  },
  {
    "id": "d308c3f3-57a3-4a10-b1ee-53b136f4c1ee",
    "data": [
      {
        "text": "my email is ",
        "userDefined": false
      },
      {
        "text": "abc@abc.com",
        "alias": "email",
        "meta": "@sys.email",
        "userDefined": true
      }
    ],
    "isTemplate": false,
    "count": 0,
    "updated": 0
  },
  {
    "id": "4e0e9068-af47-4885-aa85-4d4742a30c16",
    "data": [
      {
        "text": "firos",
        "alias": "name",
        "meta": "@sys.given-name",
        "userDefined": true
      }
    ],
    "isTemplate": false,
    "count": 0,
    "updated": 0
  },
  {
    "id": "83f25d6c-7f58-4217-ae5c-ecefe3cc290f",
    "data": [
      {
        "text": "i want to book room",
        "userDefined": false
      }
    ],
    "isTemplate": false,
    "count": 0,
    "updated": 0
  },
  {
    "id": "c0e0a0f6-7bec-455f-8d61-abc3dc2f0979",
    "data": [
      {
        "text": "i need a room",
        "userDefined": false
      }
    ],
    "isTemplate": false,
    "count": 0,
    "updated": 0
  }
]