[
  {
    "id": "ef804af0-87c4-4fdc-81c6-6b7229b97f9c",
    "data": [
      {
        "text": "check booking",
        "userDefined": false
      }
    ],
    "isTemplate": false,
    "count": 0,
    "updated": 0
  },
  {
    "id": "30237a23-8f37-4fb0-8895-bebdae12ac91",
    "data": [
      {
        "text": "i want to check my bookings",
        "userDefined": false
      }
    ],
    "isTemplate": false,
    "count": 0,
    "updated": 0
  },
  {
    "id": "263bcd17-c7e7-4384-a552-7e6cad68cdef",
    "data": [
      {
        "text": "show me all booking",
        "userDefined": false
      }
    ],
    "isTemplate": false,
    "count": 0,
    "updated": 0
  },
  {
    "id": "12eb8b91-9449-4bad-8699-8eb878e6fbb7",
    "data": [
      {
        "text": "show my bookings",
        "userDefined": false
      }
    ],
    "isTemplate": false,
    "count": 0,
    "updated": 0
  }
]